{"qobj_id": "fe767650-2f3b-49e1-97a5-65f76f419405", "header": {"backend_name": "ibmq_belem", "backend_version": "1.0.47"}, "config": {"shots": 1024, "memory": false, "parameter_binds": [], "meas_level": 2, "n_qubits": 5, "rep_delay": 250.0, "init_qubits": true, "use_measure_esp": false, "parametric_pulses": ["gaussian", "gaussian_square", "drag", "constant"], "memory_slots": 2}, "schema_version": "1.3.0", "type": "QASM", "experiments": [{"config": {"n_qubits": 5, "memory_slots": 2}, "header": {"qubit_labels": [["q", 0], ["q", 1], ["q", 2], ["q", 3], ["q", 4]], "n_qubits": 5, "qreg_sizes": [["q", 5]], "clbit_labels": [["c", 0], ["c", 1]], "memory_slots": 2, "creg_sizes": [["c", 2]], "name": "circuit-83", "global_phase": 3.141592653589793, "metadata": {}}, "instructions": [{"name": "rz", "params": [0.13185602494205817], "qubits": [0]}, {"name": "sx", "qubits": [0]}, {"name": "rz", "params": [-1.6630235577731058], "qubits": [0]}, {"name": "sx", "qubits": [0]}, {"name": "rz", "params": [-1.0296432645427052], "qubits": [0]}, {"name": "rz", "params": [-2.5187835610740543], "qubits": [1]}, {"name": "sx", "qubits": [1]}, {"name": "rz", "params": [-2.6521281931972336], "qubits": [1]}, {"name": "sx", "qubits": [1]}, {"name": "rz", "params": [2.5596155567465804], "qubits": [1]}, {"name": "cx", "qubits": [1, 0]}, {"name": "rz", "params": [-3.141592653589793], "qubits": [0]}, {"name": "sx", "qubits": [0]}, {"name": "rz", "params": [-1.350777248728349], "qubits": [0]}, {"name": "rz", "params": [1.5707963267948966], "qubits": [1]}, {"name": "sx", "qubits": [1]}, {"name": "rz", "params": [-0.865490660591377], "qubits": [1]}, {"name": "cx", "qubits": [0, 1]}, {"name": "rz", "params": [-1.5707963267948966], "qubits": [0]}, {"name": "sx", "qubits": [0]}, {"name": "rz", "params": [-1.5794048949714414], "qubits": [1]}, {"name": "sx", "qubits": [1]}, {"name": "rz", "params": [-1.5480600160565485], "qubits": [1]}, {"name": "cx", "qubits": [1, 0]}, {"name": "rz", "params": [-2.564144825460056], "qubits": [0]}, {"name": "sx", "qubits": [0]}, {"name": "rz", "params": [-2.482561303011443], "qubits": [0]}, {"name": "sx", "qubits": [0]}, {"name": "rz", "params": [-1.165276522900072], "qubits": [0]}, {"name": "rz", "params": [-0.25882195049283485], "qubits": [1]}, {"name": "sx", "qubits": [1]}, {"name": "rz", "params": [-1.9074364119705036], "qubits": [1]}, {"name": "sx", "qubits": [1]}, {"name": "rz", "params": [-0.4383625735898278], "qubits": [1]}, {"name": "cx", "qubits": [1, 0]}, {"name": "rz", "params": [-3.141592653589793], "qubits": [0]}, {"name": "sx", "qubits": [0]}, {"name": "rz", "params": [-1.4422840265934793], "qubits": [0]}, {"name": "rz", "params": [1.5707963267948966], "qubits": [1]}, {"name": "sx", "qubits": [1]}, {"name": "rz", "params": [-0.627110513407882], "qubits": [1]}, {"name": "cx", "qubits": [0, 1]}, {"name": "rz", "params": [-1.5707963267948966], "qubits": [0]}, {"name": "sx", "qubits": [0]}, {"name": "rz", "params": [-2.080319052438061], "qubits": [1]}, {"name": "sx", "qubits": [1]}, {"name": "rz", "params": [0.6937064807053233], "qubits": [1]}, {"name": "cx", "qubits": [1, 0]}, {"name": "rz", "params": [0.6942773731153355], "qubits": [0]}, {"name": "sx", "qubits": [0]}, {"name": "rz", "params": [-0.2650672190858252], "qubits": [0]}, {"name": "sx", "qubits": [0]}, {"name": "rz", "params": [-0.753371750887804], "qubits": [0]}, {"name": "rz", "params": [1.5707963267948966], "qubits": [1]}, {"name": "sx", "qubits": [1]}, {"name": "rz", "params": [-1.710995620432783], "qubits": [1]}, {"name": "sx", "qubits": [1]}, {"name": "rz", "params": [-1.6660414302906572], "qubits": [1]}]}]}