{"backend_name": "ibmq_belem", "backend_version": "1.0.47", "qobj_id": "fe767650-2f3b-49e1-97a5-65f76f419405", "job_id": "62fb00f02c7c9cc6e9eb124d", "date": "2022-08-16T02:34:33Z", "success": true, "status": "Successful completion", "execution_id": "f52bfc5c-1d0b-11ed-b169-b02628f7f59e", "time_taken": 2.252415895462036, "header": {"backend_name": "ibmq_belem", "backend_version": "1.0.47"}, "results": [{"shots": 1024, "success": true, "status": null, "seed": null, "meas_level": 2, "meas_return": null, "header": {"qubit_labels": [["q", 0], ["q", 1], ["q", 2], ["q", 3], ["q", 4]], "n_qubits": 5, "qreg_sizes": [["q", 5]], "clbit_labels": [["c", 0], ["c", 1]], "memory_slots": 2, "creg_sizes": [["c", 2]], "name": "circuit-83", "global_phase": 3.141592653589793, "metadata": {}}, "data": {"counts": {"0x0": 1024}, "snapshots": null, "memory": null, "statevector": null, "unitary": null}}], "error": null}